recovery/center_2017_02_15_09_22_54_623.jpg, recovery/left_2017_02_15_09_22_54_623.jpg, recovery/right_2017_02_15_09_22_54_623.jpg, -0.354264, 0, 0, 0.0002331608
recovery/center_2017_02_15_09_22_54_726.jpg, recovery/left_2017_02_15_09_22_54_726.jpg, recovery/right_2017_02_15_09_22_54_726.jpg, -0.647973, 0.07785612, 0, 0.07249996
recovery/center_2017_02_15_09_22_54_829.jpg, recovery/left_2017_02_15_09_22_54_829.jpg, recovery/right_2017_02_15_09_22_54_829.jpg, -0.9459721, 0.3758551, 0, 0.3883944
recovery/center_2017_02_15_09_22_54_941.jpg, recovery/left_2017_02_15_09_22_54_941.jpg, recovery/right_2017_02_15_09_22_54_941.jpg, -1, 0.7374721, 0, 1.134362
recovery/center_2017_02_15_09_22_55_042.jpg, recovery/left_2017_02_15_09_22_55_042.jpg, recovery/right_2017_02_15_09_22_55_042.jpg, -1, 0.8142691, 0, 2.156172
recovery/center_2017_02_15_09_22_55_143.jpg, recovery/left_2017_02_15_09_22_55_143.jpg, recovery/right_2017_02_15_09_22_55_143.jpg, -0.714061, 0.5133212, 0, 2.85308
recovery/center_2017_02_15_09_22_55_248.jpg, recovery/left_2017_02_15_09_22_55_248.jpg, recovery/right_2017_02_15_09_22_55_248.jpg, -0.5990587, 0.2201012, 0, 3.213651
recovery/center_2017_02_15_09_22_55_349.jpg, recovery/left_2017_02_15_09_22_55_349.jpg, recovery/right_2017_02_15_09_22_55_349.jpg, -0.9037868, 0, 0, 3.15063
recovery/center_2017_02_15_09_22_55_450.jpg, recovery/left_2017_02_15_09_22_55_450.jpg, recovery/right_2017_02_15_09_22_55_450.jpg, -1, 0.04002285, 0, 3.102674
recovery/center_2017_02_15_09_22_55_556.jpg, recovery/left_2017_02_15_09_22_55_556.jpg, recovery/right_2017_02_15_09_22_55_556.jpg, -0.960088, 0.3916799, 0, 3.466795
recovery/center_2017_02_15_09_22_55_656.jpg, recovery/left_2017_02_15_09_22_55_656.jpg, recovery/right_2017_02_15_09_22_55_656.jpg, -0.658801, 0.09039295, 0, 3.684704
recovery/center_2017_02_15_09_22_55_756.jpg, recovery/left_2017_02_15_09_22_55_756.jpg, recovery/right_2017_02_15_09_22_55_756.jpg, -0.357511, 0, 0, 3.654923
recovery/center_2017_02_15_09_22_55_874.jpg, recovery/left_2017_02_15_09_22_55_874.jpg, recovery/right_2017_02_15_09_22_55_874.jpg, -0.006217062, 0, 0, 3.604485
recovery/center_2017_02_15_09_22_55_976.jpg, recovery/left_2017_02_15_09_22_55_976.jpg, recovery/right_2017_02_15_09_22_55_976.jpg, -0.1278479, 0, 0, 3.56543
recovery/center_2017_02_15_09_22_56_086.jpg, recovery/left_2017_02_15_09_22_56_086.jpg, recovery/right_2017_02_15_09_22_56_086.jpg, -0.4593689, 0.331521, 0, 3.762052
recovery/center_2017_02_15_09_22_56_186.jpg, recovery/left_2017_02_15_09_22_56_186.jpg, recovery/right_2017_02_15_09_22_56_186.jpg, -0.7594469, 0.6315991, 0, 4.312098
recovery/center_2017_02_15_09_22_56_303.jpg, recovery/left_2017_02_15_09_22_56_303.jpg, recovery/right_2017_02_15_09_22_56_303.jpg, -0.4112248, 0.6055711, 0, 5.335021
recovery/center_2017_02_15_09_22_56_403.jpg, recovery/left_2017_02_15_09_22_56_403.jpg, recovery/right_2017_02_15_09_22_56_403.jpg, -0.1102679, 0.3046142, 0, 5.787795
recovery/center_2017_02_15_09_22_56_503.jpg, recovery/left_2017_02_15_09_22_56_503.jpg, recovery/right_2017_02_15_09_22_56_503.jpg, -0.07061398, 0.1449961, 0, 5.838106
recovery/center_2017_02_15_09_22_56_604.jpg, recovery/left_2017_02_15_09_22_56_604.jpg, recovery/right_2017_02_15_09_22_56_604.jpg, -0.371901, 0.4462831, 0, 6.159254
recovery/center_2017_02_15_09_22_56_706.jpg, recovery/left_2017_02_15_09_22_56_706.jpg, recovery/right_2017_02_15_09_22_56_706.jpg, -0.6676769, 0.7420591, 0, 6.803961
recovery/center_2017_02_15_09_22_56_820.jpg, recovery/left_2017_02_15_09_22_56_820.jpg, recovery/right_2017_02_15_09_22_56_820.jpg, -0.822189, 0.8965711, 0, 7.950703
recovery/center_2017_02_15_09_22_56_925.jpg, recovery/left_2017_02_15_09_22_56_925.jpg, recovery/right_2017_02_15_09_22_56_925.jpg, -0.522912, 0.5972942, 0, 8.75334
recovery/center_2017_02_15_09_22_57_025.jpg, recovery/left_2017_02_15_09_22_57_025.jpg, recovery/right_2017_02_15_09_22_57_025.jpg, -0.2215379, 0.2959201, 0, 9.107443
recovery/center_2017_02_15_09_22_57_125.jpg, recovery/left_2017_02_15_09_22_57_125.jpg, recovery/right_2017_02_15_09_22_57_125.jpg, -0.4936742, 0.2534282, 0, 9.205943
recovery/center_2017_02_15_09_22_57_239.jpg, recovery/left_2017_02_15_09_22_57_239.jpg, recovery/right_2017_02_15_09_22_57_239.jpg, -0.8483012, 0.6080552, 0, 9.655737
recovery/center_2017_02_15_09_22_57_344.jpg, recovery/left_2017_02_15_09_22_57_344.jpg, recovery/right_2017_02_15_09_22_57_344.jpg, -0.7990893, 0.5588433, 0, 10.27348
recovery/center_2017_02_15_09_22_57_451.jpg, recovery/left_2017_02_15_09_22_57_451.jpg, recovery/right_2017_02_15_09_22_57_451.jpg, -0.5118572, 0.2716112, 0, 10.607
recovery/center_2017_02_15_09_22_57_552.jpg, recovery/left_2017_02_15_09_22_57_552.jpg, recovery/right_2017_02_15_09_22_57_552.jpg, -0.2115932, 0, 0, 10.5488
recovery/center_2017_02_15_09_24_09_597.jpg, recovery/left_2017_02_15_09_24_09_597.jpg, recovery/right_2017_02_15_09_24_09_597.jpg, -0.607056, 0.5726581, 0, 0.7607915
recovery/center_2017_02_15_09_24_09_702.jpg, recovery/left_2017_02_15_09_24_09_702.jpg, recovery/right_2017_02_15_09_24_09_702.jpg, -0.6864181, 0.6226081, 0, 1.564752
recovery/center_2017_02_15_09_24_09_812.jpg, recovery/left_2017_02_15_09_24_09_812.jpg, recovery/right_2017_02_15_09_24_09_812.jpg, -0.377655, 0.3138451, 0, 2.053123
recovery/center_2017_02_15_09_24_09_914.jpg, recovery/left_2017_02_15_09_24_09_914.jpg, recovery/right_2017_02_15_09_24_09_914.jpg, -0.308598, 0, 0, 2.164705
recovery/center_2017_02_15_09_24_10_018.jpg, recovery/left_2017_02_15_09_24_10_018.jpg, recovery/right_2017_02_15_09_24_10_018.jpg, -0.6060811, 0.2974831, 0, 2.347026
recovery/center_2017_02_15_09_24_10_130.jpg, recovery/left_2017_02_15_09_24_10_130.jpg, recovery/right_2017_02_15_09_24_10_130.jpg, -0.9160831, 0.6074851, 0, 2.924703
recovery/center_2017_02_15_09_24_10_241.jpg, recovery/left_2017_02_15_09_24_10_241.jpg, recovery/right_2017_02_15_09_24_10_241.jpg, -0.5448332, 0.3153031, 0, 3.3764
recovery/center_2017_02_15_09_24_10_346.jpg, recovery/left_2017_02_15_09_24_10_346.jpg, recovery/right_2017_02_15_09_24_10_346.jpg, -0.2636581, 0.03412807, 0, 3.47405
recovery/center_2017_02_15_09_24_10_447.jpg, recovery/left_2017_02_15_09_24_10_447.jpg, recovery/right_2017_02_15_09_24_10_447.jpg, -0.1515452, 0.112614, 0, 3.477392
recovery/center_2017_02_15_09_24_10_551.jpg, recovery/left_2017_02_15_09_24_10_551.jpg, recovery/right_2017_02_15_09_24_10_551.jpg, -0.4192051, 0.3802739, 0, 3.850816
recovery/center_2017_02_15_09_24_10_664.jpg, recovery/left_2017_02_15_09_24_10_664.jpg, recovery/right_2017_02_15_09_24_10_664.jpg, -0.483795, 0.4448639, 0, 4.559575
recovery/center_2017_02_15_09_24_10_790.jpg, recovery/left_2017_02_15_09_24_10_790.jpg, recovery/right_2017_02_15_09_24_10_790.jpg, -0.1040701, 0.06513888, 0, 4.715881
recovery/center_2017_02_15_09_24_10_897.jpg, recovery/left_2017_02_15_09_24_10_897.jpg, recovery/right_2017_02_15_09_24_10_897.jpg, -0.423369, 0, 0, 4.647424
recovery/center_2017_02_15_09_24_11_013.jpg, recovery/left_2017_02_15_09_24_11_013.jpg, recovery/right_2017_02_15_09_24_11_013.jpg, -0.422223, 0, 0, 4.575181
recovery/center_2017_02_15_09_24_11_114.jpg, recovery/left_2017_02_15_09_24_11_114.jpg, recovery/right_2017_02_15_09_24_11_114.jpg, -0.1218211, 0.3004019, 0, 4.87555
recovery/center_2017_02_15_09_24_11_215.jpg, recovery/left_2017_02_15_09_24_11_215.jpg, recovery/right_2017_02_15_09_24_11_215.jpg, 0, 0.2214898, 0, 5.218423
recovery/center_2017_02_15_09_24_11_319.jpg, recovery/left_2017_02_15_09_24_11_319.jpg, recovery/right_2017_02_15_09_24_11_319.jpg, 0, 0, 0, 5.177863
recovery/center_2017_02_15_09_24_11_431.jpg, recovery/left_2017_02_15_09_24_11_431.jpg, recovery/right_2017_02_15_09_24_11_431.jpg, 0, 0, 0, 5.127312
recovery/center_2017_02_15_09_24_11_548.jpg, recovery/left_2017_02_15_09_24_11_548.jpg, recovery/right_2017_02_15_09_24_11_548.jpg, -0.348096, 0.1005299, 0, 5.069866
recovery/center_2017_02_15_09_24_11_664.jpg, recovery/left_2017_02_15_09_24_11_664.jpg, recovery/right_2017_02_15_09_24_11_664.jpg, -0.5259451, 0.450207, 0, 5.479205
recovery/center_2017_02_15_09_24_11_790.jpg, recovery/left_2017_02_15_09_24_11_790.jpg, recovery/right_2017_02_15_09_24_11_790.jpg, -0.1472071, 0.4916189, 0, 6.321679
recovery/center_2017_02_15_09_24_11_898.jpg, recovery/left_2017_02_15_09_24_11_898.jpg, recovery/right_2017_02_15_09_24_11_898.jpg, 0, 0.1702648, 0, 6.602242
recovery/center_2017_02_15_09_24_12_000.jpg, recovery/left_2017_02_15_09_24_12_000.jpg, recovery/right_2017_02_15_09_24_12_000.jpg, 0, 0.09965998, 0, 6.593547
recovery/center_2017_02_15_09_24_12_114.jpg, recovery/left_2017_02_15_09_24_12_114.jpg, recovery/right_2017_02_15_09_24_12_114.jpg, 0, 0.1527539, 0, 6.872324
recovery/center_2017_02_15_09_24_12_228.jpg, recovery/left_2017_02_15_09_24_12_228.jpg, recovery/right_2017_02_15_09_24_12_228.jpg, 0, 0, 0, 6.819107
recovery/center_2017_02_15_09_24_12_347.jpg, recovery/left_2017_02_15_09_24_12_347.jpg, recovery/right_2017_02_15_09_24_12_347.jpg, 0, 0, 0, 6.739838
recovery/center_2017_02_15_09_24_12_450.jpg, recovery/left_2017_02_15_09_24_12_450.jpg, recovery/right_2017_02_15_09_24_12_450.jpg, 0, 0, 0, 6.674509
recovery/center_2017_02_15_09_24_12_564.jpg, recovery/left_2017_02_15_09_24_12_564.jpg, recovery/right_2017_02_15_09_24_12_564.jpg, 0, 0, 0, 6.596979
recovery/center_2017_02_15_09_24_12_665.jpg, recovery/left_2017_02_15_09_24_12_665.jpg, recovery/right_2017_02_15_09_24_12_665.jpg, 0, 0.3050249, 0, 6.798255
recovery/center_2017_02_15_09_24_12_780.jpg, recovery/left_2017_02_15_09_24_12_780.jpg, recovery/right_2017_02_15_09_24_12_780.jpg, 0, 0, 0, 6.861376
recovery/center_2017_02_15_09_24_12_898.jpg, recovery/left_2017_02_15_09_24_12_898.jpg, recovery/right_2017_02_15_09_24_12_898.jpg, -0.05373305, 0, 0, 6.781181
recovery/center_2017_02_15_09_24_13_007.jpg, recovery/left_2017_02_15_09_24_13_007.jpg, recovery/right_2017_02_15_09_24_13_007.jpg, -0.1448341, 0, 0, 6.698089
recovery/center_2017_02_15_09_24_13_115.jpg, recovery/left_2017_02_15_09_24_13_115.jpg, recovery/right_2017_02_15_09_24_13_115.jpg, 0, 0, 0, 6.615168
recovery/center_2017_02_15_09_24_13_217.jpg, recovery/left_2017_02_15_09_24_13_217.jpg, recovery/right_2017_02_15_09_24_13_217.jpg, 0, 0, 0, 6.551154
recovery/center_2017_02_15_09_24_13_341.jpg, recovery/left_2017_02_15_09_24_13_341.jpg, recovery/right_2017_02_15_09_24_13_341.jpg, 0, 0.3692699, 0, 6.90236
recovery/center_2017_02_15_09_24_13_447.jpg, recovery/left_2017_02_15_09_24_13_447.jpg, recovery/right_2017_02_15_09_24_13_447.jpg, 0, 0.6871589, 0, 7.648215
recovery/center_2017_02_15_09_24_13_564.jpg, recovery/left_2017_02_15_09_24_13_564.jpg, recovery/right_2017_02_15_09_24_13_564.jpg, 0, 0.3341369, 0, 8.221677
recovery/center_2017_02_15_09_24_13_668.jpg, recovery/left_2017_02_15_09_24_13_668.jpg, recovery/right_2017_02_15_09_24_13_668.jpg, 0, 0.06545073, 0, 8.266594
recovery/center_2017_02_15_09_24_13_780.jpg, recovery/left_2017_02_15_09_24_13_780.jpg, recovery/right_2017_02_15_09_24_13_780.jpg, 0, 0, 0, 8.174828
recovery/center_2017_02_15_09_24_13_885.jpg, recovery/left_2017_02_15_09_24_13_885.jpg, recovery/right_2017_02_15_09_24_13_885.jpg, -0.06752712, 0, 0, 8.082232
recovery/center_2017_02_15_09_24_13_998.jpg, recovery/left_2017_02_15_09_24_13_998.jpg, recovery/right_2017_02_15_09_24_13_998.jpg, 0, 0, 0, 7.985129
recovery/center_2017_02_15_09_24_14_101.jpg, recovery/left_2017_02_15_09_24_14_101.jpg, recovery/right_2017_02_15_09_24_14_101.jpg, 0, 0, 0, 7.906887
recovery/center_2017_02_15_09_24_14_215.jpg, recovery/left_2017_02_15_09_24_14_215.jpg, recovery/right_2017_02_15_09_24_14_215.jpg, 0, 0, 0, 7.814144
recovery/center_2017_02_15_09_24_14_330.jpg, recovery/left_2017_02_15_09_24_14_330.jpg, recovery/right_2017_02_15_09_24_14_330.jpg, 0, 0.2988989, 0, 7.987408
recovery/center_2017_02_15_09_24_14_431.jpg, recovery/left_2017_02_15_09_24_14_431.jpg, recovery/right_2017_02_15_09_24_14_431.jpg, 0, 0.09427178, 0, 8.104417
recovery/center_2017_02_15_09_24_14_534.jpg, recovery/left_2017_02_15_09_24_14_534.jpg, recovery/right_2017_02_15_09_24_14_534.jpg, -0.307899, 0, 0, 7.977546
recovery/center_2017_02_15_09_24_14_646.jpg, recovery/left_2017_02_15_09_24_14_646.jpg, recovery/right_2017_02_15_09_24_14_646.jpg, -0.4668571, 0, 0, 7.82796
recovery/center_2017_02_15_09_24_14_753.jpg, recovery/left_2017_02_15_09_24_14_753.jpg, recovery/right_2017_02_15_09_24_14_753.jpg, -0.143631, 0, 0, 7.733315
recovery/center_2017_02_15_09_24_14_859.jpg, recovery/left_2017_02_15_09_24_14_859.jpg, recovery/right_2017_02_15_09_24_14_859.jpg, 0, 0, 0, 7.64875
recovery/center_2017_02_15_09_24_14_966.jpg, recovery/left_2017_02_15_09_24_14_966.jpg, recovery/right_2017_02_15_09_24_14_966.jpg, 0, 0, 0, 7.572246
recovery/center_2017_02_15_09_24_15_079.jpg, recovery/left_2017_02_15_09_24_15_079.jpg, recovery/right_2017_02_15_09_24_15_079.jpg, 0.142365, 0, 0, 7.476461
recovery/center_2017_02_15_09_24_15_190.jpg, recovery/left_2017_02_15_09_24_15_190.jpg, recovery/right_2017_02_15_09_24_15_190.jpg, 0.2197169, 0, 0, 7.362067
recovery/center_2017_02_15_09_24_15_299.jpg, recovery/left_2017_02_15_09_24_15_299.jpg, recovery/right_2017_02_15_09_24_15_299.jpg, 0, 0, 0, 7.261287
recovery/center_2017_02_15_09_24_15_415.jpg, recovery/left_2017_02_15_09_24_15_415.jpg, recovery/right_2017_02_15_09_24_15_415.jpg, 0, 0, 0, 7.173729
recovery/center_2017_02_15_09_24_15_519.jpg, recovery/left_2017_02_15_09_24_15_519.jpg, recovery/right_2017_02_15_09_24_15_519.jpg, 0.102114, 0, 0, 7.099653
recovery/center_2017_02_15_09_24_15_630.jpg, recovery/left_2017_02_15_09_24_15_630.jpg, recovery/right_2017_02_15_09_24_15_630.jpg, 0, 0, 0, 7.028044
recovery/center_2017_02_15_09_24_15_731.jpg, recovery/left_2017_02_15_09_24_15_731.jpg, recovery/right_2017_02_15_09_24_15_731.jpg, 0, 0, 0, 6.9575
recovery/center_2017_02_15_09_24_15_835.jpg, recovery/left_2017_02_15_09_24_15_835.jpg, recovery/right_2017_02_15_09_24_15_835.jpg, 0.05962193, 0, 0, 6.873158
recovery/center_2017_02_15_09_24_15_935.jpg, recovery/left_2017_02_15_09_24_15_935.jpg, recovery/right_2017_02_15_09_24_15_935.jpg, 0.360174, 0, 0, 6.77109
recovery/center_2017_02_15_09_24_16_036.jpg, recovery/left_2017_02_15_09_24_16_036.jpg, recovery/right_2017_02_15_09_24_16_036.jpg, 0.3587941, 0, 0, 6.67141
recovery/center_2017_02_15_09_24_16_151.jpg, recovery/left_2017_02_15_09_24_16_151.jpg, recovery/right_2017_02_15_09_24_16_151.jpg, 0.01251, 0, 0, 6.60273
recovery/center_2017_02_15_09_24_16_255.jpg, recovery/left_2017_02_15_09_24_16_255.jpg, recovery/right_2017_02_15_09_24_16_255.jpg, 0, 0.190116, 0, 6.611207
recovery/center_2017_02_15_09_24_16_367.jpg, recovery/left_2017_02_15_09_24_16_367.jpg, recovery/right_2017_02_15_09_24_16_367.jpg, 0, 0.328608, 0, 7.032402
recovery/center_2017_02_15_09_24_16_467.jpg, recovery/left_2017_02_15_09_24_16_467.jpg, recovery/right_2017_02_15_09_24_16_467.jpg, 0, 0.0700019, 0, 7.125091
recovery/center_2017_02_15_09_24_16_571.jpg, recovery/left_2017_02_15_09_24_16_571.jpg, recovery/right_2017_02_15_09_24_16_571.jpg, 0, 0, 0, 7.058057
recovery/center_2017_02_15_09_24_16_675.jpg, recovery/left_2017_02_15_09_24_16_675.jpg, recovery/right_2017_02_15_09_24_16_675.jpg, 0, 0.310068, 0, 7.276964
recovery/center_2017_02_15_09_24_16_780.jpg, recovery/left_2017_02_15_09_24_16_780.jpg, recovery/right_2017_02_15_09_24_16_780.jpg, 0, 0.3785548, 0, 7.76526
recovery/center_2017_02_15_09_24_16_885.jpg, recovery/left_2017_02_15_09_24_16_885.jpg, recovery/right_2017_02_15_09_24_16_885.jpg, 0, 0.06285882, 0, 7.891236
recovery/center_2017_02_15_09_24_16_998.jpg, recovery/left_2017_02_15_09_24_16_998.jpg, recovery/right_2017_02_15_09_24_16_998.jpg, 0, 0, 0, 7.80064
recovery/center_2017_02_15_09_24_17_098.jpg, recovery/left_2017_02_15_09_24_17_098.jpg, recovery/right_2017_02_15_09_24_17_098.jpg, 0, 0, 0, 7.722353
recovery/center_2017_02_15_09_24_17_215.jpg, recovery/left_2017_02_15_09_24_17_215.jpg, recovery/right_2017_02_15_09_24_17_215.jpg, 0, 0, 0, 7.629392
recovery/center_2017_02_15_09_24_17_332.jpg, recovery/left_2017_02_15_09_24_17_332.jpg, recovery/right_2017_02_15_09_24_17_332.jpg, 0, 0, 0, 7.552774
recovery/center_2017_02_15_09_24_17_447.jpg, recovery/left_2017_02_15_09_24_17_447.jpg, recovery/right_2017_02_15_09_24_17_447.jpg, 0, 0, 0, 7.46191
recovery/center_2017_02_15_09_24_17_549.jpg, recovery/left_2017_02_15_09_24_17_549.jpg, recovery/right_2017_02_15_09_24_17_549.jpg, 0, 0, 0, 7.387022
recovery/center_2017_02_15_09_24_17_652.jpg, recovery/left_2017_02_15_09_24_17_652.jpg, recovery/right_2017_02_15_09_24_17_652.jpg, 0, 0, 0, 7.312888
recovery/center_2017_02_15_09_24_17_754.jpg, recovery/left_2017_02_15_09_24_17_754.jpg, recovery/right_2017_02_15_09_24_17_754.jpg, 0, 0, 0, 7.22491
recovery/center_2017_02_15_09_24_17_869.jpg, recovery/left_2017_02_15_09_24_17_869.jpg, recovery/right_2017_02_15_09_24_17_869.jpg, 0, 0, 0, 7.1524
recovery/center_2017_02_15_09_24_17_981.jpg, recovery/left_2017_02_15_09_24_17_981.jpg, recovery/right_2017_02_15_09_24_17_981.jpg, 0, 0, 0, 7.066351
recovery/center_2017_02_15_09_24_18_099.jpg, recovery/left_2017_02_15_09_24_18_099.jpg, recovery/right_2017_02_15_09_24_18_099.jpg, 0, 0, 0, 6.981297
recovery/center_2017_02_15_09_24_18_216.jpg, recovery/left_2017_02_15_09_24_18_216.jpg, recovery/right_2017_02_15_09_24_18_216.jpg, 0, 0, 0, 6.897266
recovery/center_2017_02_15_09_24_18_320.jpg, recovery/left_2017_02_15_09_24_18_320.jpg, recovery/right_2017_02_15_09_24_18_320.jpg, 0, 0, 0, 6.828044
recovery/center_2017_02_15_09_24_18_423.jpg, recovery/left_2017_02_15_09_24_18_423.jpg, recovery/right_2017_02_15_09_24_18_423.jpg, 0, 0, 0, 6.759517
recovery/center_2017_02_15_09_24_18_531.jpg, recovery/left_2017_02_15_09_24_18_531.jpg, recovery/right_2017_02_15_09_24_18_531.jpg, 0, 0, 0, 6.691679
recovery/center_2017_02_15_09_24_18_642.jpg, recovery/left_2017_02_15_09_24_18_642.jpg, recovery/right_2017_02_15_09_24_18_642.jpg, 0, 0, 0, 6.611171
recovery/center_2017_02_15_09_24_27_902.jpg, recovery/left_2017_02_15_09_24_27_902.jpg, recovery/right_2017_02_15_09_24_27_902.jpg, -0.16155, 0, 0, 2.178513
recovery/center_2017_02_15_09_24_28_018.jpg, recovery/left_2017_02_15_09_24_28_018.jpg, recovery/right_2017_02_15_09_24_28_018.jpg, -0.508719, 0, 0, 2.135013
recovery/center_2017_02_15_09_24_28_133.jpg, recovery/left_2017_02_15_09_24_28_133.jpg, recovery/right_2017_02_15_09_24_28_133.jpg, -0.854106, 0, 0, 2.092941
recovery/center_2017_02_15_09_24_28_238.jpg, recovery/left_2017_02_15_09_24_28_238.jpg, recovery/right_2017_02_15_09_24_28_238.jpg, -0.5394661, 0, 0, 2.080899
recovery/center_2017_02_15_09_24_28_349.jpg, recovery/left_2017_02_15_09_24_28_349.jpg, recovery/right_2017_02_15_09_24_28_349.jpg, -0.8731531, 0, 0, 2.045278
recovery/center_2017_02_15_09_24_28_449.jpg, recovery/left_2017_02_15_09_24_28_449.jpg, recovery/right_2017_02_15_09_24_28_449.jpg, -0.936856, 0, 0, 2.010285
recovery/center_2017_02_15_09_24_28_552.jpg, recovery/left_2017_02_15_09_24_28_552.jpg, recovery/right_2017_02_15_09_24_28_552.jpg, -0.6392529, 0.09872711, 0, 2.03077
recovery/center_2017_02_15_09_24_28_674.jpg, recovery/left_2017_02_15_09_24_28_674.jpg, recovery/right_2017_02_15_09_24_28_674.jpg, -0.222961, 0.263721, 0, 2.49433
recovery/center_2017_02_15_09_24_28_785.jpg, recovery/left_2017_02_15_09_24_28_785.jpg, recovery/right_2017_02_15_09_24_28_785.jpg, -0.353026, 0, 0, 2.580789
recovery/center_2017_02_15_09_24_28_888.jpg, recovery/left_2017_02_15_09_24_28_888.jpg, recovery/right_2017_02_15_09_24_28_888.jpg, -0.6457029, 0, 0, 2.5409
recovery/center_2017_02_15_09_24_28_989.jpg, recovery/left_2017_02_15_09_24_28_989.jpg, recovery/right_2017_02_15_09_24_28_989.jpg, -0.922708, 0.25806, 0, 2.697996
recovery/center_2017_02_15_09_24_29_102.jpg, recovery/left_2017_02_15_09_24_29_102.jpg, recovery/right_2017_02_15_09_24_29_102.jpg, -0.941422, 0.560052, 0, 3.449411
recovery/center_2017_02_15_09_24_29_203.jpg, recovery/left_2017_02_15_09_24_29_203.jpg, recovery/right_2017_02_15_09_24_29_203.jpg, -0.6394989, 0.258129, 0, 3.854676
recovery/center_2017_02_15_09_24_29_304.jpg, recovery/left_2017_02_15_09_24_29_304.jpg, recovery/right_2017_02_15_09_24_29_304.jpg, -0.349057, 0.08038491, 0, 3.905299
recovery/center_2017_02_15_09_24_29_407.jpg, recovery/left_2017_02_15_09_24_29_407.jpg, recovery/right_2017_02_15_09_24_29_407.jpg, -0.04390299, 0.3855389, 0, 4.234534
recovery/center_2017_02_15_09_24_29_507.jpg, recovery/left_2017_02_15_09_24_29_507.jpg, recovery/right_2017_02_15_09_24_29_507.jpg, 0, 0.06715804, 0, 4.399602
recovery/center_2017_02_15_09_24_29_611.jpg, recovery/left_2017_02_15_09_24_29_611.jpg, recovery/right_2017_02_15_09_24_29_611.jpg, 0, 0, 0, 4.362436
recovery/center_2017_02_15_09_24_29_717.jpg, recovery/left_2017_02_15_09_24_29_717.jpg, recovery/right_2017_02_15_09_24_29_717.jpg, 0, 0, 0, 4.315069
recovery/center_2017_02_15_09_24_29_832.jpg, recovery/left_2017_02_15_09_24_29_832.jpg, recovery/right_2017_02_15_09_24_29_832.jpg, 0, 0.178113, 0, 4.33772
recovery/center_2017_02_15_09_24_29_935.jpg, recovery/left_2017_02_15_09_24_29_935.jpg, recovery/right_2017_02_15_09_24_29_935.jpg, 0, 0.4580069, 0, 4.840827
recovery/center_2017_02_15_09_24_30_049.jpg, recovery/left_2017_02_15_09_24_30_049.jpg, recovery/right_2017_02_15_09_24_30_049.jpg, 0, 0.1149089, 0, 5.086465
recovery/center_2017_02_15_09_24_30_150.jpg, recovery/left_2017_02_15_09_24_30_150.jpg, recovery/right_2017_02_15_09_24_30_150.jpg, -0.303147, 0, 0, 5.033157
recovery/center_2017_02_15_09_24_30_255.jpg, recovery/left_2017_02_15_09_24_30_255.jpg, recovery/right_2017_02_15_09_24_30_255.jpg, 0, 0, 0, 4.977138
recovery/center_2017_02_15_09_24_30_368.jpg, recovery/left_2017_02_15_09_24_30_368.jpg, recovery/right_2017_02_15_09_24_30_368.jpg, 0, 0, 0, 4.931067
recovery/center_2017_02_15_09_24_30_471.jpg, recovery/left_2017_02_15_09_24_30_471.jpg, recovery/right_2017_02_15_09_24_30_471.jpg, 0, 0, 0, 4.88601
recovery/center_2017_02_15_09_24_30_574.jpg, recovery/left_2017_02_15_09_24_30_574.jpg, recovery/right_2017_02_15_09_24_30_574.jpg, 0, 0, 0, 4.832578
recovery/center_2017_02_15_09_24_30_683.jpg, recovery/left_2017_02_15_09_24_30_683.jpg, recovery/right_2017_02_15_09_24_30_683.jpg, -0.325731, 0, 0, 4.774807
recovery/center_2017_02_15_09_24_30_784.jpg, recovery/left_2017_02_15_09_24_30_784.jpg, recovery/right_2017_02_15_09_24_30_784.jpg, -0.2602653, 0, 0, 4.721631
recovery/center_2017_02_15_09_24_30_885.jpg, recovery/left_2017_02_15_09_24_30_885.jpg, recovery/right_2017_02_15_09_24_30_885.jpg, 0, 0.109788, 0, 4.698698
recovery/center_2017_02_15_09_24_30_988.jpg, recovery/left_2017_02_15_09_24_30_988.jpg, recovery/right_2017_02_15_09_24_30_988.jpg, 0, 0.403509, 0, 4.987764
recovery/center_2017_02_15_09_24_31_090.jpg, recovery/left_2017_02_15_09_24_31_090.jpg, recovery/right_2017_02_15_09_24_31_090.jpg, 0, 0.5998682, 0, 5.643766
recovery/center_2017_02_15_09_24_31_193.jpg, recovery/left_2017_02_15_09_24_31_193.jpg, recovery/right_2017_02_15_09_24_31_193.jpg, 0, 0.2724661, 0, 6.153086
recovery/center_2017_02_15_09_24_31_298.jpg, recovery/left_2017_02_15_09_24_31_298.jpg, recovery/right_2017_02_15_09_24_31_298.jpg, 0, 0, 0, 6.150478
recovery/center_2017_02_15_09_24_31_403.jpg, recovery/left_2017_02_15_09_24_31_403.jpg, recovery/right_2017_02_15_09_24_31_403.jpg, 0, 0.3161731, 0, 6.364615
recovery/center_2017_02_15_09_24_31_504.jpg, recovery/left_2017_02_15_09_24_31_504.jpg, recovery/right_2017_02_15_09_24_31_504.jpg, 0, 0.600312, 0, 6.978467
recovery/center_2017_02_15_09_24_31_605.jpg, recovery/left_2017_02_15_09_24_31_605.jpg, recovery/right_2017_02_15_09_24_31_605.jpg, 0, 0.3357602, 0, 7.406591
recovery/center_2017_02_15_09_24_31_708.jpg, recovery/left_2017_02_15_09_24_31_708.jpg, recovery/right_2017_02_15_09_24_31_708.jpg, 0, 0.02089208, 0, 7.427937
recovery/center_2017_02_15_09_24_31_810.jpg, recovery/left_2017_02_15_09_24_31_810.jpg, recovery/right_2017_02_15_09_24_31_810.jpg, 0, 0, 0, 7.358089
recovery/center_2017_02_15_09_24_31_910.jpg, recovery/left_2017_02_15_09_24_31_910.jpg, recovery/right_2017_02_15_09_24_31_910.jpg, -0.113838, 0, 0, 7.272739
recovery/center_2017_02_15_09_24_32_010.jpg, recovery/left_2017_02_15_09_24_32_010.jpg, recovery/right_2017_02_15_09_24_32_010.jpg, 0, 0.05730915, 0, 7.208821
recovery/center_2017_02_15_09_24_32_114.jpg, recovery/left_2017_02_15_09_24_32_114.jpg, recovery/right_2017_02_15_09_24_32_114.jpg, 0, 0.2416953, 0, 7.510448
recovery/center_2017_02_15_09_24_32_234.jpg, recovery/left_2017_02_15_09_24_32_234.jpg, recovery/right_2017_02_15_09_24_32_234.jpg, 0, 0, 0, 7.490017
recovery/center_2017_02_15_09_24_32_349.jpg, recovery/left_2017_02_15_09_24_32_349.jpg, recovery/right_2017_02_15_09_24_32_349.jpg, 0, 0, 0, 7.417
recovery/center_2017_02_15_09_24_32_449.jpg, recovery/left_2017_02_15_09_24_32_449.jpg, recovery/right_2017_02_15_09_24_32_449.jpg, 0, 0, 0, 7.344713
recovery/center_2017_02_15_09_24_32_554.jpg, recovery/left_2017_02_15_09_24_32_554.jpg, recovery/right_2017_02_15_09_24_32_554.jpg, -0.08219701, 0, 0, 7.257891
recovery/center_2017_02_15_09_24_32_666.jpg, recovery/left_2017_02_15_09_24_32_666.jpg, recovery/right_2017_02_15_09_24_32_666.jpg, -0.02808595, 0, 0, 7.174126
recovery/center_2017_02_15_09_24_32_767.jpg, recovery/left_2017_02_15_09_24_32_767.jpg, recovery/right_2017_02_15_09_24_32_767.jpg, 0, 0, 0, 7.102076
recovery/center_2017_02_15_09_24_32_866.jpg, recovery/left_2017_02_15_09_24_32_866.jpg, recovery/right_2017_02_15_09_24_32_866.jpg, 0, 0, 0, 7.03264
recovery/center_2017_02_15_09_24_32_967.jpg, recovery/left_2017_02_15_09_24_32_967.jpg, recovery/right_2017_02_15_09_24_32_967.jpg, 0, 0.047373, 0, 6.972522
recovery/center_2017_02_15_09_24_33_070.jpg, recovery/left_2017_02_15_09_24_33_070.jpg, recovery/right_2017_02_15_09_24_33_070.jpg, 0, 0.3108151, 0, 7.185611
recovery/center_2017_02_15_09_24_33_184.jpg, recovery/left_2017_02_15_09_24_33_184.jpg, recovery/right_2017_02_15_09_24_33_184.jpg, 0, 0.4965631, 0, 7.865614
recovery/center_2017_02_15_09_24_33_288.jpg, recovery/left_2017_02_15_09_24_33_288.jpg, recovery/right_2017_02_15_09_24_33_288.jpg, 0, 0.1981142, 0, 8.177857
recovery/center_2017_02_15_09_24_33_389.jpg, recovery/left_2017_02_15_09_24_33_389.jpg, recovery/right_2017_02_15_09_24_33_389.jpg, -0.15672, 0, 0, 8.132133
recovery/center_2017_02_15_09_24_33_494.jpg, recovery/left_2017_02_15_09_24_33_494.jpg, recovery/right_2017_02_15_09_24_33_494.jpg, 0, 0, 0, 8.035491
recovery/center_2017_02_15_09_24_33_604.jpg, recovery/left_2017_02_15_09_24_33_604.jpg, recovery/right_2017_02_15_09_24_33_604.jpg, 0, 0, 0, 7.95655
recovery/center_2017_02_15_09_24_33_720.jpg, recovery/left_2017_02_15_09_24_33_720.jpg, recovery/right_2017_02_15_09_24_33_720.jpg, 0, 0, 0, 7.862907
recovery/center_2017_02_15_09_24_33_834.jpg, recovery/left_2017_02_15_09_24_33_834.jpg, recovery/right_2017_02_15_09_24_33_834.jpg, 0, 0.09441304, 0, 7.809933
recovery/center_2017_02_15_09_24_33_934.jpg, recovery/left_2017_02_15_09_24_33_934.jpg, recovery/right_2017_02_15_09_24_33_934.jpg, 0, 0.3946951, 0, 8.086097
recovery/center_2017_02_15_09_24_34_035.jpg, recovery/left_2017_02_15_09_24_34_035.jpg, recovery/right_2017_02_15_09_24_34_035.jpg, 0, 0.08924711, 0, 8.224711
recovery/center_2017_02_15_09_24_34_150.jpg, recovery/left_2017_02_15_09_24_34_150.jpg, recovery/right_2017_02_15_09_24_34_150.jpg, -0.1581209, 0, 0, 8.145587
recovery/center_2017_02_15_09_24_34_255.jpg, recovery/left_2017_02_15_09_24_34_255.jpg, recovery/right_2017_02_15_09_24_34_255.jpg, 0, 0, 0, 8.048845
recovery/center_2017_02_15_09_24_34_367.jpg, recovery/left_2017_02_15_09_24_34_367.jpg, recovery/right_2017_02_15_09_24_34_367.jpg, 0, 0, 0, 7.969814
recovery/center_2017_02_15_09_24_34_468.jpg, recovery/left_2017_02_15_09_24_34_468.jpg, recovery/right_2017_02_15_09_24_34_468.jpg, 0, 0, 0, 7.891614
recovery/center_2017_02_15_09_24_34_571.jpg, recovery/left_2017_02_15_09_24_34_571.jpg, recovery/right_2017_02_15_09_24_34_571.jpg, 0, 0, 0, 7.814206
recovery/center_2017_02_15_09_24_34_672.jpg, recovery/left_2017_02_15_09_24_34_672.jpg, recovery/right_2017_02_15_09_24_34_672.jpg, 0, 0, 0, 7.737575
recovery/center_2017_02_15_09_24_34_786.jpg, recovery/left_2017_02_15_09_24_34_786.jpg, recovery/right_2017_02_15_09_24_34_786.jpg, 0, 0, 0, 7.646635
recovery/center_2017_02_15_09_24_34_894.jpg, recovery/left_2017_02_15_09_24_34_894.jpg, recovery/right_2017_02_15_09_24_34_894.jpg, 0, 0, 0, 7.556789
recovery/center_2017_02_15_09_24_44_579.jpg, recovery/left_2017_02_15_09_24_44_579.jpg, recovery/right_2017_02_15_09_24_44_579.jpg, 0, 0.3317401, 0, 0.3220542
recovery/center_2017_02_15_09_24_44_687.jpg, recovery/left_2017_02_15_09_24_44_687.jpg, recovery/right_2017_02_15_09_24_44_687.jpg, -0.3237929, 0.655533, 0, 0.990423
recovery/center_2017_02_15_09_24_44_793.jpg, recovery/left_2017_02_15_09_24_44_793.jpg, recovery/right_2017_02_15_09_24_44_793.jpg, -0.6440429, 0.975783, 0, 2.229843
recovery/center_2017_02_15_09_24_44_900.jpg, recovery/left_2017_02_15_09_24_44_900.jpg, recovery/right_2017_02_15_09_24_44_900.jpg, -0.966237, 1, 0, 3.352735
recovery/center_2017_02_15_09_24_45_009.jpg, recovery/left_2017_02_15_09_24_45_009.jpg, recovery/right_2017_02_15_09_24_45_009.jpg, -1, 1, 0, 4.468465
recovery/center_2017_02_15_09_24_45_125.jpg, recovery/left_2017_02_15_09_24_45_125.jpg, recovery/right_2017_02_15_09_24_45_125.jpg, -0.9244, 0.9522941, 0, 5.801659
recovery/center_2017_02_15_09_24_45_231.jpg, recovery/left_2017_02_15_09_24_45_231.jpg, recovery/right_2017_02_15_09_24_45_231.jpg, -0.6425738, 0.6704679, 0, 6.672221
recovery/center_2017_02_15_09_24_45_346.jpg, recovery/left_2017_02_15_09_24_45_346.jpg, recovery/right_2017_02_15_09_24_45_346.jpg, -0.2604969, 0.288391, 0, 7.225082
recovery/center_2017_02_15_09_24_45_451.jpg, recovery/left_2017_02_15_09_24_45_451.jpg, recovery/right_2017_02_15_09_24_45_451.jpg, 0, 0, 0, 7.26509
recovery/center_2017_02_15_09_24_45_552.jpg, recovery/left_2017_02_15_09_24_45_552.jpg, recovery/right_2017_02_15_09_24_45_552.jpg, -0.06752408, 0, 0, 7.189544
recovery/center_2017_02_15_09_24_45_668.jpg, recovery/left_2017_02_15_09_24_45_668.jpg, recovery/right_2017_02_15_09_24_45_668.jpg, -0.462195, 0.345957, 0, 7.343111
recovery/center_2017_02_15_09_24_45_785.jpg, recovery/left_2017_02_15_09_24_45_785.jpg, recovery/right_2017_02_15_09_24_45_785.jpg, -0.455175, 0.338937, 0, 7.854342
recovery/center_2017_02_15_09_24_45_889.jpg, recovery/left_2017_02_15_09_24_45_889.jpg, recovery/right_2017_02_15_09_24_45_889.jpg, -0.1436731, 0.02743506, 0, 7.962637
recovery/center_2017_02_15_09_24_45_994.jpg, recovery/left_2017_02_15_09_24_45_994.jpg, recovery/right_2017_02_15_09_24_45_994.jpg, 0, 0, 0, 7.858206
recovery/center_2017_02_15_09_24_46_102.jpg, recovery/left_2017_02_15_09_24_46_102.jpg, recovery/right_2017_02_15_09_24_46_102.jpg, 0, 0, 0, 7.780139
recovery/center_2017_02_15_09_24_46_205.jpg, recovery/left_2017_02_15_09_24_46_205.jpg, recovery/right_2017_02_15_09_24_46_205.jpg, 0, 0.2742571, 0, 7.907958
recovery/center_2017_02_15_09_24_46_310.jpg, recovery/left_2017_02_15_09_24_46_310.jpg, recovery/right_2017_02_15_09_24_46_310.jpg, 0, 0.575577, 0, 8.447661
recovery/center_2017_02_15_09_24_46_417.jpg, recovery/left_2017_02_15_09_24_46_417.jpg, recovery/right_2017_02_15_09_24_46_417.jpg, -0.06482702, 0.9445952, 0, 9.512547
recovery/center_2017_02_15_09_24_46_518.jpg, recovery/left_2017_02_15_09_24_46_518.jpg, recovery/right_2017_02_15_09_24_46_518.jpg, 0, 0.9209051, 0, 10.60245
recovery/center_2017_02_15_09_24_46_618.jpg, recovery/left_2017_02_15_09_24_46_618.jpg, recovery/right_2017_02_15_09_24_46_618.jpg, 0, 0.620422, 0, 11.50648
recovery/center_2017_02_15_09_24_46_719.jpg, recovery/left_2017_02_15_09_24_46_719.jpg, recovery/right_2017_02_15_09_24_46_719.jpg, 0, 0.3198669, 0, 11.87003
recovery/center_2017_02_15_09_24_46_830.jpg, recovery/left_2017_02_15_09_24_46_830.jpg, recovery/right_2017_02_15_09_24_46_830.jpg, 0, 0.02469105, 0, 11.72917
recovery/center_2017_02_15_09_24_46_935.jpg, recovery/left_2017_02_15_09_24_46_935.jpg, recovery/right_2017_02_15_09_24_46_935.jpg, -0.354924, 0, 0, 11.49592
recovery/center_2017_02_15_09_24_47_038.jpg, recovery/left_2017_02_15_09_24_47_038.jpg, recovery/right_2017_02_15_09_24_47_038.jpg, -0.3948269, 0, 0, 11.52571
recovery/center_2017_02_15_09_24_47_151.jpg, recovery/left_2017_02_15_09_24_47_151.jpg, recovery/right_2017_02_15_09_24_47_151.jpg, -0.05532593, 0, 0, 11.26137
recovery/center_2017_02_15_09_24_47_268.jpg, recovery/left_2017_02_15_09_24_47_268.jpg, recovery/right_2017_02_15_09_24_47_268.jpg, 0, 0, 0, 11.1733
recovery/center_2017_02_15_09_24_47_368.jpg, recovery/left_2017_02_15_09_24_47_368.jpg, recovery/right_2017_02_15_09_24_47_368.jpg, 0.184161, 0, 0, 11.04892
recovery/center_2017_02_15_09_24_47_472.jpg, recovery/left_2017_02_15_09_24_47_472.jpg, recovery/right_2017_02_15_09_24_47_472.jpg, 0, 0, 0, 10.93579
recovery/center_2017_02_15_09_24_47_584.jpg, recovery/left_2017_02_15_09_24_47_584.jpg, recovery/right_2017_02_15_09_24_47_584.jpg, 0, 0, 0, 10.80242
recovery/center_2017_02_15_09_24_47_684.jpg, recovery/left_2017_02_15_09_24_47_684.jpg, recovery/right_2017_02_15_09_24_47_684.jpg, 0, 0, 0, 10.69271
recovery/center_2017_02_15_09_24_47_784.jpg, recovery/left_2017_02_15_09_24_47_784.jpg, recovery/right_2017_02_15_09_24_47_784.jpg, 0.1364191, 0, 0, 10.57986
recovery/center_2017_02_15_09_24_47_886.jpg, recovery/left_2017_02_15_09_24_47_886.jpg, recovery/right_2017_02_15_09_24_47_886.jpg, 0.3631681, 0, 0, 10.41501
recovery/center_2017_02_15_09_24_47_987.jpg, recovery/left_2017_02_15_09_24_47_987.jpg, recovery/right_2017_02_15_09_24_47_987.jpg, 0.06802815, 0, 0, 10.31076
recovery/center_2017_02_15_09_24_48_089.jpg, recovery/left_2017_02_15_09_24_48_089.jpg, recovery/right_2017_02_15_09_24_48_089.jpg, 0, 0, 0, 10.19877
recovery/center_2017_02_15_09_24_48_192.jpg, recovery/left_2017_02_15_09_24_48_192.jpg, recovery/right_2017_02_15_09_24_48_192.jpg, 0, 0.01748711, 0, 10.09717
recovery/center_2017_02_15_09_24_48_293.jpg, recovery/left_2017_02_15_09_24_48_293.jpg, recovery/right_2017_02_15_09_24_48_293.jpg, 0, 0.377313, 0, 10.34012
recovery/center_2017_02_15_09_24_48_401.jpg, recovery/left_2017_02_15_09_24_48_401.jpg, recovery/right_2017_02_15_09_24_48_401.jpg, 0, 0.7018771, 0, 10.91169
recovery/center_2017_02_15_09_24_48_511.jpg, recovery/left_2017_02_15_09_24_48_511.jpg, recovery/right_2017_02_15_09_24_48_511.jpg, 0, 0.5775449, 0, 11.85352
recovery/center_2017_02_15_09_24_48_612.jpg, recovery/left_2017_02_15_09_24_48_612.jpg, recovery/right_2017_02_15_09_24_48_612.jpg, 0, 0.3072299, 0, 11.91587
recovery/center_2017_02_15_09_24_48_743.jpg, recovery/left_2017_02_15_09_24_48_743.jpg, recovery/right_2017_02_15_09_24_48_743.jpg, 0, 0, 0, 11.95031
recovery/center_2017_02_15_09_24_48_847.jpg, recovery/left_2017_02_15_09_24_48_847.jpg, recovery/right_2017_02_15_09_24_48_847.jpg, 0, 0, 0, 11.64769
recovery/center_2017_02_15_09_24_48_951.jpg, recovery/left_2017_02_15_09_24_48_951.jpg, recovery/right_2017_02_15_09_24_48_951.jpg, 0, 0, 0, 11.73543
recovery/center_2017_02_15_09_24_49_069.jpg, recovery/left_2017_02_15_09_24_49_069.jpg, recovery/right_2017_02_15_09_24_49_069.jpg, 0, 0, 0, 11.55456
recovery/center_2017_02_15_09_24_49_172.jpg, recovery/left_2017_02_15_09_24_49_172.jpg, recovery/right_2017_02_15_09_24_49_172.jpg, 0, 0, 0, 11.22694
recovery/center_2017_02_15_09_24_49_285.jpg, recovery/left_2017_02_15_09_24_49_285.jpg, recovery/right_2017_02_15_09_24_49_285.jpg, 0, 0, 0, 11.35003
recovery/center_2017_02_15_09_24_49_390.jpg, recovery/left_2017_02_15_09_24_49_390.jpg, recovery/right_2017_02_15_09_24_49_390.jpg, 0, 0, 0, 11.12474
recovery/center_2017_02_15_09_24_49_492.jpg, recovery/left_2017_02_15_09_24_49_492.jpg, recovery/right_2017_02_15_09_24_49_492.jpg, 0, 0, 0, 11.0115
recovery/center_2017_02_15_09_24_49_593.jpg, recovery/left_2017_02_15_09_24_49_593.jpg, recovery/right_2017_02_15_09_24_49_593.jpg, 0, 0, 0, 10.89941
recovery/center_2017_02_15_09_24_49_694.jpg, recovery/left_2017_02_15_09_24_49_694.jpg, recovery/right_2017_02_15_09_24_49_694.jpg, 0, 0, 0, 10.76638
recovery/center_2017_02_15_09_24_49_800.jpg, recovery/left_2017_02_15_09_24_49_800.jpg, recovery/right_2017_02_15_09_24_49_800.jpg, 0, 0, 0, 10.65674
recovery/center_2017_02_15_09_24_49_905.jpg, recovery/left_2017_02_15_09_24_49_905.jpg, recovery/right_2017_02_15_09_24_49_905.jpg, 0, 0, 0, 10.54821
recovery/center_2017_02_15_09_24_50_005.jpg, recovery/left_2017_02_15_09_24_50_005.jpg, recovery/right_2017_02_15_09_24_50_005.jpg, 0, 0, 0, 10.44077
recovery/center_2017_02_15_09_24_50_108.jpg, recovery/left_2017_02_15_09_24_50_108.jpg, recovery/right_2017_02_15_09_24_50_108.jpg, 0, 0, 0, 10.3344
recovery/center_2017_02_15_09_24_50_212.jpg, recovery/left_2017_02_15_09_24_50_212.jpg, recovery/right_2017_02_15_09_24_50_212.jpg, 0, 0, 0, 10.22911
recovery/center_2017_02_15_09_25_06_969.jpg, recovery/left_2017_02_15_09_25_06_969.jpg, recovery/right_2017_02_15_09_25_06_969.jpg, -0.1337401, 0, 0, 1.756604
recovery/center_2017_02_15_09_25_07_070.jpg, recovery/left_2017_02_15_09_25_07_070.jpg, recovery/right_2017_02_15_09_25_07_070.jpg, -0.3878039, 0.2540638, 0, 1.940874
recovery/center_2017_02_15_09_25_07_188.jpg, recovery/left_2017_02_15_09_25_07_188.jpg, recovery/right_2017_02_15_09_25_07_188.jpg, -0.7864051, 0.652665, 0, 2.620667
recovery/center_2017_02_15_09_25_07_292.jpg, recovery/left_2017_02_15_09_25_07_292.jpg, recovery/right_2017_02_15_09_25_07_292.jpg, -1, 0.8537942, 0, 3.518978
recovery/center_2017_02_15_09_25_07_392.jpg, recovery/left_2017_02_15_09_25_07_392.jpg, recovery/right_2017_02_15_09_25_07_392.jpg, -0.698254, 0.5520481, 0, 4.296597
recovery/center_2017_02_15_09_25_07_503.jpg, recovery/left_2017_02_15_09_25_07_503.jpg, recovery/right_2017_02_15_09_25_07_503.jpg, -0.3480728, 0.201867, 0, 4.764678
recovery/center_2017_02_15_09_25_07_607.jpg, recovery/left_2017_02_15_09_25_07_607.jpg, recovery/right_2017_02_15_09_25_07_607.jpg, -0.413707, 0.2675012, 0, 4.917557
recovery/center_2017_02_15_09_25_07_710.jpg, recovery/left_2017_02_15_09_25_07_710.jpg, recovery/right_2017_02_15_09_25_07_710.jpg, -0.6853721, 0.5391662, 0, 5.363337
recovery/center_2017_02_15_09_25_07_812.jpg, recovery/left_2017_02_15_09_25_07_812.jpg, recovery/right_2017_02_15_09_25_07_812.jpg, -0.4480511, 0.7555473, 0, 6.200817
recovery/center_2017_02_15_09_25_07_914.jpg, recovery/left_2017_02_15_09_25_07_914.jpg, recovery/right_2017_02_15_09_25_07_914.jpg, -0.1258781, 0.4333743, 0, 6.886697
recovery/center_2017_02_15_09_25_08_014.jpg, recovery/left_2017_02_15_09_25_08_014.jpg, recovery/right_2017_02_15_09_25_08_014.jpg, 0, 0.1327863, 0, 7.137228
recovery/center_2017_02_15_09_25_08_115.jpg, recovery/left_2017_02_15_09_25_08_115.jpg, recovery/right_2017_02_15_09_25_08_115.jpg, 0, 0, 0, 7.07987
recovery/center_2017_02_15_09_25_08_219.jpg, recovery/left_2017_02_15_09_25_08_219.jpg, recovery/right_2017_02_15_09_25_08_219.jpg, -0.08254803, 0.05119801, 0, 7.015316
recovery/center_2017_02_15_09_25_08_321.jpg, recovery/left_2017_02_15_09_25_08_321.jpg, recovery/right_2017_02_15_09_25_08_321.jpg, -0.3873149, 0.3559649, 0, 7.184052
recovery/center_2017_02_15_09_25_08_422.jpg, recovery/left_2017_02_15_09_25_08_422.jpg, recovery/right_2017_02_15_09_25_08_422.jpg, -0.5180249, 0.549249, 0, 7.664683
recovery/center_2017_02_15_09_25_08_524.jpg, recovery/left_2017_02_15_09_25_08_524.jpg, recovery/right_2017_02_15_09_25_08_524.jpg, -0.2242409, 0.255465, 0, 8.053902
recovery/center_2017_02_15_09_25_08_628.jpg, recovery/left_2017_02_15_09_25_08_628.jpg, recovery/right_2017_02_15_09_25_08_628.jpg, 0, 0, 0, 8.051189
recovery/center_2017_02_15_09_25_08_740.jpg, recovery/left_2017_02_15_09_25_08_740.jpg, recovery/right_2017_02_15_09_25_08_740.jpg, 0, 0.353805, 0, 8.243807
recovery/center_2017_02_15_09_25_08_841.jpg, recovery/left_2017_02_15_09_25_08_841.jpg, recovery/right_2017_02_15_09_25_08_841.jpg, 0, 0.4676578, 0, 8.787521
recovery/center_2017_02_15_09_25_08_946.jpg, recovery/left_2017_02_15_09_25_08_946.jpg, recovery/right_2017_02_15_09_25_08_946.jpg, 0, 0.1555917, 0, 9.009061
recovery/center_2017_02_15_09_25_09_047.jpg, recovery/left_2017_02_15_09_25_09_047.jpg, recovery/right_2017_02_15_09_25_09_047.jpg, 0, 0, 0, 8.929171
recovery/center_2017_02_15_09_25_09_157.jpg, recovery/left_2017_02_15_09_25_09_157.jpg, recovery/right_2017_02_15_09_25_09_157.jpg, 0, 0, 0, 8.820271
recovery/center_2017_02_15_09_25_09_271.jpg, recovery/left_2017_02_15_09_25_09_271.jpg, recovery/right_2017_02_15_09_25_09_271.jpg, 0, 0.209784, 0, 8.805865
recovery/center_2017_02_15_09_25_09_372.jpg, recovery/left_2017_02_15_09_25_09_372.jpg, recovery/right_2017_02_15_09_25_09_372.jpg, 0, 0.5129939, 0, 9.192639
recovery/center_2017_02_15_09_25_09_473.jpg, recovery/left_2017_02_15_09_25_09_473.jpg, recovery/right_2017_02_15_09_25_09_473.jpg, 0, 0.7059808, 0, 10.15665
recovery/center_2017_02_15_09_25_09_587.jpg, recovery/left_2017_02_15_09_25_09_587.jpg, recovery/right_2017_02_15_09_25_09_587.jpg, 0, 0.3644578, 0, 10.66772
recovery/center_2017_02_15_09_25_09_691.jpg, recovery/left_2017_02_15_09_25_09_691.jpg, recovery/right_2017_02_15_09_25_09_691.jpg, 0, 0.3990871, 0, 10.9082
recovery/center_2017_02_15_09_25_09_792.jpg, recovery/left_2017_02_15_09_25_09_792.jpg, recovery/right_2017_02_15_09_25_09_792.jpg, 0, 0.700179, 0, 11.43235
recovery/center_2017_02_15_09_25_09_897.jpg, recovery/left_2017_02_15_09_25_09_897.jpg, recovery/right_2017_02_15_09_25_09_897.jpg, 0, 1, 0, 12.55671
recovery/center_2017_02_15_09_25_10_004.jpg, recovery/left_2017_02_15_09_25_10_004.jpg, recovery/right_2017_02_15_09_25_10_004.jpg, 0, 1, 0, 13.67611
recovery/center_2017_02_15_09_25_10_104.jpg, recovery/left_2017_02_15_09_25_10_104.jpg, recovery/right_2017_02_15_09_25_10_104.jpg, 0, 0.880087, 0, 14.81733
recovery/center_2017_02_15_09_25_10_204.jpg, recovery/left_2017_02_15_09_25_10_204.jpg, recovery/right_2017_02_15_09_25_10_204.jpg, 0, 0.6097121, 0, 15.49964
recovery/center_2017_02_15_09_25_10_309.jpg, recovery/left_2017_02_15_09_25_10_309.jpg, recovery/right_2017_02_15_09_25_10_309.jpg, 0, 0.2801021, 0, 15.93575
recovery/center_2017_02_15_09_25_10_410.jpg, recovery/left_2017_02_15_09_25_10_410.jpg, recovery/right_2017_02_15_09_25_10_410.jpg, 0, 0, 0, 15.73295
recovery/center_2017_02_15_09_25_10_513.jpg, recovery/left_2017_02_15_09_25_10_513.jpg, recovery/right_2017_02_15_09_25_10_513.jpg, 0, 0, 0, 15.66782
recovery/center_2017_02_15_09_25_10_623.jpg, recovery/left_2017_02_15_09_25_10_623.jpg, recovery/right_2017_02_15_09_25_10_623.jpg, 0, 0, 0, 15.4777
recovery/center_2017_02_15_09_25_10_742.jpg, recovery/left_2017_02_15_09_25_10_742.jpg, recovery/right_2017_02_15_09_25_10_742.jpg, 0.1547819, 0, 0, 15.27189
recovery/center_2017_02_15_09_25_10_846.jpg, recovery/left_2017_02_15_09_25_10_846.jpg, recovery/right_2017_02_15_09_25_10_846.jpg, 0.2224558, 0, 0, 15.01579
recovery/center_2017_02_15_09_25_10_948.jpg, recovery/left_2017_02_15_09_25_10_948.jpg, recovery/right_2017_02_15_09_25_10_948.jpg, 0, 0, 0, 14.92542
recovery/center_2017_02_15_09_25_11_052.jpg, recovery/left_2017_02_15_09_25_11_052.jpg, recovery/right_2017_02_15_09_25_11_052.jpg, 0, 0, 0, 14.73652
recovery/center_2017_02_15_09_25_11_204.jpg, recovery/left_2017_02_15_09_25_11_204.jpg, recovery/right_2017_02_15_09_25_11_204.jpg, 0, 0, 0, 14.50395
recovery/center_2017_02_15_09_25_11_307.jpg, recovery/left_2017_02_15_09_25_11_307.jpg, recovery/right_2017_02_15_09_25_11_307.jpg, 0, 0, 0, 14.38293
recovery/center_2017_02_15_09_25_11_411.jpg, recovery/left_2017_02_15_09_25_11_411.jpg, recovery/right_2017_02_15_09_25_11_411.jpg, 0, 0.157566, 0, 14.21394
recovery/center_2017_02_15_09_25_11_513.jpg, recovery/left_2017_02_15_09_25_11_513.jpg, recovery/right_2017_02_15_09_25_11_513.jpg, 0, 0.4835579, 0, 14.47676
recovery/center_2017_02_15_09_25_11_622.jpg, recovery/left_2017_02_15_09_25_11_622.jpg, recovery/right_2017_02_15_09_25_11_622.jpg, 0, 0.1580279, 0, 14.8336
recovery/center_2017_02_15_09_25_11_723.jpg, recovery/left_2017_02_15_09_25_11_723.jpg, recovery/right_2017_02_15_09_25_11_723.jpg, 0, 0, 0, 14.62511
recovery/center_2017_02_15_09_25_11_828.jpg, recovery/left_2017_02_15_09_25_11_828.jpg, recovery/right_2017_02_15_09_25_11_828.jpg, 0, 0, 0, 14.5546
recovery/center_2017_02_15_09_25_11_931.jpg, recovery/left_2017_02_15_09_25_11_931.jpg, recovery/right_2017_02_15_09_25_11_931.jpg, 0, 0, 0, 14.34379
recovery/center_2017_02_15_09_25_12_039.jpg, recovery/left_2017_02_15_09_25_12_039.jpg, recovery/right_2017_02_15_09_25_12_039.jpg, 0, 0.03674698, 0, 14.23981
recovery/center_2017_02_15_09_25_12_145.jpg, recovery/left_2017_02_15_09_25_12_145.jpg, recovery/right_2017_02_15_09_25_12_145.jpg, 0, 0.335157, 0, 14.33597
recovery/center_2017_02_15_09_25_12_250.jpg, recovery/left_2017_02_15_09_25_12_250.jpg, recovery/right_2017_02_15_09_25_12_250.jpg, 0, 0.6369089, 0, 14.7356
recovery/center_2017_02_15_09_25_12_355.jpg, recovery/left_2017_02_15_09_25_12_355.jpg, recovery/right_2017_02_15_09_25_12_355.jpg, 0, 0.290622, 0, 15.20407
recovery/center_2017_02_15_09_25_12_472.jpg, recovery/left_2017_02_15_09_25_12_472.jpg, recovery/right_2017_02_15_09_25_12_472.jpg, 0, 0, 0, 15.29706
recovery/center_2017_02_15_09_25_12_589.jpg, recovery/left_2017_02_15_09_25_12_589.jpg, recovery/right_2017_02_15_09_25_12_589.jpg, 0, 0, 0, 15.11818
recovery/center_2017_02_15_09_25_12_706.jpg, recovery/left_2017_02_15_09_25_12_706.jpg, recovery/right_2017_02_15_09_25_12_706.jpg, 0, 0, 0, 14.94186
recovery/center_2017_02_15_09_25_12_812.jpg, recovery/left_2017_02_15_09_25_12_812.jpg, recovery/right_2017_02_15_09_25_12_812.jpg, 0, 0, 0, 14.752
recovery/center_2017_02_15_09_25_12_922.jpg, recovery/left_2017_02_15_09_25_12_922.jpg, recovery/right_2017_02_15_09_25_12_922.jpg, 0, 0, 0, 14.5776
recovery/center_2017_02_15_09_25_31_347.jpg, recovery/left_2017_02_15_09_25_31_347.jpg, recovery/right_2017_02_15_09_25_31_347.jpg, -0.160905, 0.160905, 0, 0.9116148
recovery/center_2017_02_15_09_25_31_452.jpg, recovery/left_2017_02_15_09_25_31_452.jpg, recovery/right_2017_02_15_09_25_31_452.jpg, -0.4398061, 0.4398061, 0, 0.4688691
recovery/center_2017_02_15_09_25_31_563.jpg, recovery/left_2017_02_15_09_25_31_563.jpg, recovery/right_2017_02_15_09_25_31_563.jpg, -0.807135, 0.807135, 0, 0.5166112
recovery/center_2017_02_15_09_25_31_667.jpg, recovery/left_2017_02_15_09_25_31_667.jpg, recovery/right_2017_02_15_09_25_31_667.jpg, -1, 1, 0, 1.443488
recovery/center_2017_02_15_09_25_31_778.jpg, recovery/left_2017_02_15_09_25_31_778.jpg, recovery/right_2017_02_15_09_25_31_778.jpg, -1, 1, 0, 2.59982
recovery/center_2017_02_15_09_25_31_882.jpg, recovery/left_2017_02_15_09_25_31_882.jpg, recovery/right_2017_02_15_09_25_31_882.jpg, -1, 1, 0, 3.635401
recovery/center_2017_02_15_09_25_31_993.jpg, recovery/left_2017_02_15_09_25_31_993.jpg, recovery/right_2017_02_15_09_25_31_993.jpg, -0.8071089, 0.908953, 0, 4.748787
recovery/center_2017_02_15_09_25_32_097.jpg, recovery/left_2017_02_15_09_25_32_097.jpg, recovery/right_2017_02_15_09_25_32_097.jpg, -0.493828, 0.595672, 0, 5.748632
recovery/center_2017_02_15_09_25_32_198.jpg, recovery/left_2017_02_15_09_25_32_198.jpg, recovery/right_2017_02_15_09_25_32_198.jpg, -0.191494, 0.2933381, 0, 6.185563
recovery/center_2017_02_15_09_25_32_303.jpg, recovery/left_2017_02_15_09_25_32_303.jpg, recovery/right_2017_02_15_09_25_32_303.jpg, -0.05674803, 0.1104041, 0, 6.258507
recovery/center_2017_02_15_09_25_32_410.jpg, recovery/left_2017_02_15_09_25_32_410.jpg, recovery/right_2017_02_15_09_25_32_410.jpg, -0.34551, 0.399166, 0, 6.54733
recovery/center_2017_02_15_09_25_32_510.jpg, recovery/left_2017_02_15_09_25_32_510.jpg, recovery/right_2017_02_15_09_25_32_510.jpg, -0.09532195, 0.5175282, 0, 7.181411
recovery/center_2017_02_15_09_25_32_611.jpg, recovery/left_2017_02_15_09_25_32_611.jpg, recovery/right_2017_02_15_09_25_32_611.jpg, 0, 0.2522861, 0, 7.498359
recovery/center_2017_02_15_09_25_32_729.jpg, recovery/left_2017_02_15_09_25_32_729.jpg, recovery/right_2017_02_15_09_25_32_729.jpg, 0, 0, 0, 7.46453
recovery/center_2017_02_15_09_25_32_832.jpg, recovery/left_2017_02_15_09_25_32_832.jpg, recovery/right_2017_02_15_09_25_32_832.jpg, 0, 0.1334521, 0, 7.433086
recovery/center_2017_02_15_09_25_32_944.jpg, recovery/left_2017_02_15_09_25_32_944.jpg, recovery/right_2017_02_15_09_25_32_944.jpg, -0.103893, 0.488427, 0, 7.84206
recovery/center_2017_02_15_09_25_33_045.jpg, recovery/left_2017_02_15_09_25_33_045.jpg, recovery/right_2017_02_15_09_25_33_045.jpg, -0.3936451, 0.7781791, 0, 8.532406
recovery/center_2017_02_15_09_25_33_152.jpg, recovery/left_2017_02_15_09_25_33_152.jpg, recovery/right_2017_02_15_09_25_33_152.jpg, -0.07988119, 0.8853629, 0, 9.597543
recovery/center_2017_02_15_09_25_33_252.jpg, recovery/left_2017_02_15_09_25_33_252.jpg, recovery/right_2017_02_15_09_25_33_252.jpg, 0, 0.7884269, 0, 10.3646
recovery/center_2017_02_15_09_25_33_352.jpg, recovery/left_2017_02_15_09_25_33_352.jpg, recovery/right_2017_02_15_09_25_33_352.jpg, 0, 0.885882, 0, 11.51038
recovery/center_2017_02_15_09_25_33_459.jpg, recovery/left_2017_02_15_09_25_33_459.jpg, recovery/right_2017_02_15_09_25_33_459.jpg, 0, 0.5453759, 0, 11.9742
recovery/center_2017_02_15_09_25_33_560.jpg, recovery/left_2017_02_15_09_25_33_560.jpg, recovery/right_2017_02_15_09_25_33_560.jpg, 0, 0.245241, 0, 12.50411
recovery/center_2017_02_15_09_25_33_664.jpg, recovery/left_2017_02_15_09_25_33_664.jpg, recovery/right_2017_02_15_09_25_33_664.jpg, -0.2977501, 0.1345171, 0, 12.5076
recovery/center_2017_02_15_09_25_33_777.jpg, recovery/left_2017_02_15_09_25_33_777.jpg, recovery/right_2017_02_15_09_25_33_777.jpg, -0.65184, 0.4886071, 0, 12.65928
recovery/center_2017_02_15_09_25_33_894.jpg, recovery/left_2017_02_15_09_25_33_894.jpg, recovery/right_2017_02_15_09_25_33_894.jpg, -0.2991931, 0.4604641, 0, 13.38064
recovery/center_2017_02_15_09_27_43_017.jpg, recovery/left_2017_02_15_09_27_43_017.jpg, recovery/right_2017_02_15_09_27_43_017.jpg, 0, 0.312489, 0, 0.222304
recovery/center_2017_02_15_09_27_43_121.jpg, recovery/left_2017_02_15_09_27_43_121.jpg, recovery/right_2017_02_15_09_27_43_121.jpg, -0.2964481, 0.6089371, 0, 0.8225543
recovery/center_2017_02_15_09_27_43_256.jpg, recovery/left_2017_02_15_09_27_43_256.jpg, recovery/right_2017_02_15_09_27_43_256.jpg, -0.4069111, 0.7194001, 0, 2.150641
recovery/center_2017_02_15_09_27_43_363.jpg, recovery/left_2017_02_15_09_27_43_363.jpg, recovery/right_2017_02_15_09_27_43_363.jpg, -0.08628613, 0.3987751, 0, 2.775496
recovery/center_2017_02_15_09_27_43_478.jpg, recovery/left_2017_02_15_09_27_43_478.jpg, recovery/right_2017_02_15_09_27_43_478.jpg, -0.1090921, 0.2731352, 0, 3.06872
recovery/center_2017_02_15_09_27_43_582.jpg, recovery/left_2017_02_15_09_27_43_582.jpg, recovery/right_2017_02_15_09_27_43_582.jpg, -0.4028401, 0.5668833, 0, 3.622589
recovery/center_2017_02_15_09_27_43_694.jpg, recovery/left_2017_02_15_09_27_43_694.jpg, recovery/right_2017_02_15_09_27_43_694.jpg, -0.3793833, 0.5434265, 0, 4.49259
recovery/center_2017_02_15_09_27_43_797.jpg, recovery/left_2017_02_15_09_27_43_797.jpg, recovery/right_2017_02_15_09_27_43_797.jpg, -0.1808463, 0.3448895, 0, 4.873575
recovery/center_2017_02_15_09_27_43_898.jpg, recovery/left_2017_02_15_09_27_43_898.jpg, recovery/right_2017_02_15_09_27_43_898.jpg, -0.4825172, 0.6465604, 0, 5.474431
recovery/center_2017_02_15_09_27_43_999.jpg, recovery/left_2017_02_15_09_27_43_999.jpg, recovery/right_2017_02_15_09_27_43_999.jpg, -0.4073524, 0.7334855, 0, 6.33307
recovery/center_2017_02_15_09_27_44_111.jpg, recovery/left_2017_02_15_09_27_44_111.jpg, recovery/right_2017_02_15_09_27_44_111.jpg, -0.1106254, 0.4367584, 0, 6.947001
recovery/center_2017_02_15_09_27_44_211.jpg, recovery/left_2017_02_15_09_27_44_211.jpg, recovery/right_2017_02_15_09_27_44_211.jpg, 0, 0.1491875, 0, 7.105627
recovery/center_2017_02_15_09_27_44_316.jpg, recovery/left_2017_02_15_09_27_44_316.jpg, recovery/right_2017_02_15_09_27_44_316.jpg, 0, 0.020724, 0, 7.031838
recovery/center_2017_02_15_09_27_44_421.jpg, recovery/left_2017_02_15_09_27_44_421.jpg, recovery/right_2017_02_15_09_27_44_421.jpg, 0, 0.318888, 0, 7.212851
recovery/center_2017_02_15_09_27_44_528.jpg, recovery/left_2017_02_15_09_27_44_528.jpg, recovery/right_2017_02_15_09_27_44_528.jpg, 0, 0.05340922, 0, 7.258696
recovery/center_2017_02_15_09_27_44_647.jpg, recovery/left_2017_02_15_09_27_44_647.jpg, recovery/right_2017_02_15_09_27_44_647.jpg, 0, 0, 0, 7.173879
recovery/center_2017_02_15_09_27_44_762.jpg, recovery/left_2017_02_15_09_27_44_762.jpg, recovery/right_2017_02_15_09_27_44_762.jpg, 0, 0.180927, 0, 7.160141
recovery/center_2017_02_15_09_27_44_866.jpg, recovery/left_2017_02_15_09_27_44_866.jpg, recovery/right_2017_02_15_09_27_44_866.jpg, 0, 0.4669379, 0, 7.556548
recovery/center_2017_02_15_09_27_44_979.jpg, recovery/left_2017_02_15_09_27_44_979.jpg, recovery/right_2017_02_15_09_27_44_979.jpg, 0, 0.8317859, 0, 8.482428
recovery/center_2017_02_15_09_27_45_081.jpg, recovery/left_2017_02_15_09_27_45_081.jpg, recovery/right_2017_02_15_09_27_45_081.jpg, 0, 0.5259179, 0, 9.160032
recovery/center_2017_02_15_09_27_45_186.jpg, recovery/left_2017_02_15_09_27_45_186.jpg, recovery/right_2017_02_15_09_27_45_186.jpg, 0, 0.2316958, 0, 9.460725
recovery/center_2017_02_15_09_27_45_293.jpg, recovery/left_2017_02_15_09_27_45_293.jpg, recovery/right_2017_02_15_09_27_45_293.jpg, 0, 0.284697, 0, 9.603307
recovery/center_2017_02_15_09_27_45_399.jpg, recovery/left_2017_02_15_09_27_45_399.jpg, recovery/right_2017_02_15_09_27_45_399.jpg, 0, 0.601239, 0, 10.08285
recovery/center_2017_02_15_09_27_45_505.jpg, recovery/left_2017_02_15_09_27_45_505.jpg, recovery/right_2017_02_15_09_27_45_505.jpg, 0, 0.7881512, 0, 10.89944
recovery/center_2017_02_15_09_27_45_609.jpg, recovery/left_2017_02_15_09_27_45_609.jpg, recovery/right_2017_02_15_09_27_45_609.jpg, 0.04643708, 0.492924, 0, 11.36709
recovery/center_2017_02_15_09_27_45_711.jpg, recovery/left_2017_02_15_09_27_45_711.jpg, recovery/right_2017_02_15_09_27_45_711.jpg, 0, 0.1867951, 0, 11.94517
recovery/center_2017_02_15_09_27_45_811.jpg, recovery/left_2017_02_15_09_27_45_811.jpg, recovery/right_2017_02_15_09_27_45_811.jpg, 0, 0, 0, 11.46433
recovery/center_2017_02_15_09_27_45_916.jpg, recovery/left_2017_02_15_09_27_45_916.jpg, recovery/right_2017_02_15_09_27_45_916.jpg, 0, 0, 0, 11.4989
recovery/center_2017_02_15_09_27_46_020.jpg, recovery/left_2017_02_15_09_27_46_020.jpg, recovery/right_2017_02_15_09_27_46_020.jpg, 0, 0, 0, 11.45052
recovery/center_2017_02_15_09_27_46_123.jpg, recovery/left_2017_02_15_09_27_46_123.jpg, recovery/right_2017_02_15_09_27_46_123.jpg, 0, 0, 0, 11.25778
recovery/center_2017_02_15_09_27_46_223.jpg, recovery/left_2017_02_15_09_27_46_223.jpg, recovery/right_2017_02_15_09_27_46_223.jpg, 0.09791404, 0, 0, 11.09024
recovery/center_2017_02_15_09_27_46_346.jpg, recovery/left_2017_02_15_09_27_46_346.jpg, recovery/right_2017_02_15_09_27_46_346.jpg, 0.1181971, 0, 0, 10.90999
recovery/center_2017_02_15_09_27_46_462.jpg, recovery/left_2017_02_15_09_27_46_462.jpg, recovery/right_2017_02_15_09_27_46_462.jpg, 0, 0, 0, 10.76963
recovery/center_2017_02_15_09_27_46_564.jpg, recovery/left_2017_02_15_09_27_46_564.jpg, recovery/right_2017_02_15_09_27_46_564.jpg, 0, 0, 0, 10.66022
recovery/center_2017_02_15_09_27_46_679.jpg, recovery/left_2017_02_15_09_27_46_679.jpg, recovery/right_2017_02_15_09_27_46_679.jpg, 0, 0.1919671, 0, 10.61815
recovery/center_2017_02_15_09_27_46_781.jpg, recovery/left_2017_02_15_09_27_46_781.jpg, recovery/right_2017_02_15_09_27_46_781.jpg, 0, 0.4970341, 0, 10.97432
recovery/center_2017_02_15_09_27_46_883.jpg, recovery/left_2017_02_15_09_27_46_883.jpg, recovery/right_2017_02_15_09_27_46_883.jpg, 0, 0.6146489, 0, 11.85833
recovery/center_2017_02_15_09_27_46_986.jpg, recovery/left_2017_02_15_09_27_46_986.jpg, recovery/right_2017_02_15_09_27_46_986.jpg, 0, 0.29676, 0, 11.91531
recovery/center_2017_02_15_09_27_47_100.jpg, recovery/left_2017_02_15_09_27_47_100.jpg, recovery/right_2017_02_15_09_27_47_100.jpg, 0, 0.6172319, 0, 12.65315
recovery/center_2017_02_15_09_27_47_211.jpg, recovery/left_2017_02_15_09_27_47_211.jpg, recovery/right_2017_02_15_09_27_47_211.jpg, 0, 0.8989947, 0, 13.35614
recovery/center_2017_02_15_09_27_47_312.jpg, recovery/left_2017_02_15_09_27_47_312.jpg, recovery/right_2017_02_15_09_27_47_312.jpg, 0.04635894, 0.7016308, 0, 13.93595
recovery/center_2017_02_15_09_27_47_414.jpg, recovery/left_2017_02_15_09_27_47_414.jpg, recovery/right_2017_02_15_09_27_47_414.jpg, 0.3337051, 0.3476669, 0, 14.42782
recovery/center_2017_02_15_09_27_47_517.jpg, recovery/left_2017_02_15_09_27_47_517.jpg, recovery/right_2017_02_15_09_27_47_517.jpg, 0.02339101, 0.0373528, 0, 14.79008
recovery/center_2017_02_15_09_27_47_620.jpg, recovery/left_2017_02_15_09_27_47_620.jpg, recovery/right_2017_02_15_09_27_47_620.jpg, 0, 0, 0, 14.09716
recovery/center_2017_02_15_09_27_47_735.jpg, recovery/left_2017_02_15_09_27_47_735.jpg, recovery/right_2017_02_15_09_27_47_735.jpg, 0, 0, 0, 13.98146
recovery/center_2017_02_15_09_27_47_838.jpg, recovery/left_2017_02_15_09_27_47_838.jpg, recovery/right_2017_02_15_09_27_47_838.jpg, 0, 0, 0, 14.38147
recovery/center_2017_02_15_09_27_47_942.jpg, recovery/left_2017_02_15_09_27_47_942.jpg, recovery/right_2017_02_15_09_27_47_942.jpg, 0, 0, 0, 13.76523
recovery/center_2017_02_15_09_27_48_065.jpg, recovery/left_2017_02_15_09_27_48_065.jpg, recovery/right_2017_02_15_09_27_48_065.jpg, 0, 0.1828499, 0, 13.54226
recovery/center_2017_02_15_09_27_48_164.jpg, recovery/left_2017_02_15_09_27_48_164.jpg, recovery/right_2017_02_15_09_27_48_164.jpg, 0, 0.4716901, 0, 14.28055
recovery/center_2017_02_15_09_27_48_280.jpg, recovery/left_2017_02_15_09_27_48_280.jpg, recovery/right_2017_02_15_09_27_48_280.jpg, 0, 0.629277, 0, 15.00468
recovery/center_2017_02_15_09_27_48_385.jpg, recovery/left_2017_02_15_09_27_48_385.jpg, recovery/right_2017_02_15_09_27_48_385.jpg, 0, 0.3300989, 0, 15.1688
recovery/center_2017_02_15_09_27_48_500.jpg, recovery/left_2017_02_15_09_27_48_500.jpg, recovery/right_2017_02_15_09_27_48_500.jpg, 0.188781, 0, 0, 15.11873
recovery/center_2017_02_15_09_27_48_601.jpg, recovery/left_2017_02_15_09_27_48_601.jpg, recovery/right_2017_02_15_09_27_48_601.jpg, 0, 0, 0, 15.20631
recovery/center_2017_02_15_09_27_48_715.jpg, recovery/left_2017_02_15_09_27_48_715.jpg, recovery/right_2017_02_15_09_27_48_715.jpg, 0, 0, 0, 15.03216
recovery/center_2017_02_15_09_27_48_822.jpg, recovery/left_2017_02_15_09_27_48_822.jpg, recovery/right_2017_02_15_09_27_48_822.jpg, 0, 0, 0, 14.65941
recovery/center_2017_02_15_09_27_48_924.jpg, recovery/left_2017_02_15_09_27_48_924.jpg, recovery/right_2017_02_15_09_27_48_924.jpg, 0, 0.03705901, 0, 14.72923
recovery/center_2017_02_15_09_27_49_030.jpg, recovery/left_2017_02_15_09_27_49_030.jpg, recovery/right_2017_02_15_09_27_49_030.jpg, 0, 0.3361561, 0, 14.6741
recovery/center_2017_02_15_09_27_49_137.jpg, recovery/left_2017_02_15_09_27_49_137.jpg, recovery/right_2017_02_15_09_27_49_137.jpg, 0, 0.4651231, 0, 15.38645
recovery/center_2017_02_15_09_27_49_250.jpg, recovery/left_2017_02_15_09_27_49_250.jpg, recovery/right_2017_02_15_09_27_49_250.jpg, 0.191835, 0.1286252, 0, 15.72157
recovery/center_2017_02_15_09_27_49_363.jpg, recovery/left_2017_02_15_09_27_49_363.jpg, recovery/right_2017_02_15_09_27_49_363.jpg, 0, 0, 0, 15.52784
recovery/center_2017_02_15_09_27_49_464.jpg, recovery/left_2017_02_15_09_27_49_464.jpg, recovery/right_2017_02_15_09_27_49_464.jpg, 0, 0, 0, 15.13725
recovery/center_2017_02_15_09_27_49_581.jpg, recovery/left_2017_02_15_09_27_49_581.jpg, recovery/right_2017_02_15_09_27_49_581.jpg, 0, 0, 0, 14.97167
recovery/center_2017_02_15_09_27_49_683.jpg, recovery/left_2017_02_15_09_27_49_683.jpg, recovery/right_2017_02_15_09_27_49_683.jpg, 0, 0.3130111, 0, 15.20867
recovery/center_2017_02_15_09_27_49_795.jpg, recovery/left_2017_02_15_09_27_49_795.jpg, recovery/right_2017_02_15_09_27_49_795.jpg, 0, 0.3482131, 0, 15.67053
recovery/center_2017_02_15_09_27_49_900.jpg, recovery/left_2017_02_15_09_27_49_900.jpg, recovery/right_2017_02_15_09_27_49_900.jpg, 0, 0.05148911, 0, 15.49287
recovery/center_2017_02_15_09_27_50_011.jpg, recovery/left_2017_02_15_09_27_50_011.jpg, recovery/right_2017_02_15_09_27_50_011.jpg, 0, 0, 0, 15.57491
recovery/center_2017_02_15_09_27_50_115.jpg, recovery/left_2017_02_15_09_27_50_115.jpg, recovery/right_2017_02_15_09_27_50_115.jpg, 0, 0, 0, 15.38602
recovery/center_2017_02_15_09_27_50_218.jpg, recovery/left_2017_02_15_09_27_50_218.jpg, recovery/right_2017_02_15_09_27_50_218.jpg, 0, 0, 0, 14.98926
recovery/center_2017_02_15_09_27_50_319.jpg, recovery/left_2017_02_15_09_27_50_319.jpg, recovery/right_2017_02_15_09_27_50_319.jpg, 0, 0, 0, 15.07611
recovery/center_2017_02_15_09_27_50_427.jpg, recovery/left_2017_02_15_09_27_50_427.jpg, recovery/right_2017_02_15_09_27_50_427.jpg, 0, 0, 0, 14.68008
